Radius,Theta,Filename
,,GAJ.XY
,,GBB.XY
,,GBE.XY
,,GBH.XY
,,GBM.XY
,,GBP.XY
,,GBY.XY
,,GCI.XY
,,GDHC.XY
,,GDJ.XY
,,GDY.XY
,,GEK.XY
,,GEP.XY
,,GFF.XY
,,JAC.XY
,,JAE.XY
,,JAG.XY
,,JAM.XY
,,JAO.XY
,,JAP.XY
,,JASC.XY
,,JAU.XY
,,JAV.XY
,,JAW.XY
,,JAY.XY
,,JAZ.XY
,,JBC.XY
,,JBG.XY
,,JBH.XY
,,JBI.XY
,,JBK.XY
,,JBMB.XY
,,JBO.XY
,,JBT.XY
,,JBV.XY
,,JBY.XY
,,JCB.XY
,,JDB.XY
,,JDG.XY
,,JDH.XY
,,JDI.XY
,,JDJ.XY
,,JDK.XY
,,JDM.XY
,,JDP.XY
,,JDS.XY
,,JDT.XY
,,JDU.XY
,,JDX.XY
,,JEA.XY
,,JEC.XY
,,JEF.XY
,,JEH.XY
,,JEI.XY
,,JEJ.XY
,,JEL.XY
,,JEN.XY
,,JEO.XY
,,JEP.XY
,,JES.XY
,,JET.XY
,,JEV.XY
,,JEW.XY
,,JEXC.XY
,,JFCB.XY
,,JFD.XY
,,JFG.XY
,,JFH.XY
,,JFK.XY
,,JFL.XY
,,JFM.XY
,,JFN.XY
,,JFQ.XY
,,JFS.XY
,,JFV.XY
,,JFW.XY
,,JFX.XY
,,JFY.XY
,,JGA.XY
,,JGC.XY
,,KAA.XY
,,KAF.XY
,,KAG.XY
,,KAH.XY
,,KAJ.XY
,,KAM.XY
,,KAN.XY
,,KAQ.XY
,,KAR.XY
,,KAT.XY
,,KAW.XY
,,KAX.XY
,,KBA.XY
,,KBF.XY
,,KBG.XY
,,KBH.XY
,,KBI.XY
,,KBJ.XY
,,KBK.XY
,,KBL.XY
,,KBM.XY
,,KBN.XY
,,KBQ.XY
,,KCPC.XY
,,KCQ.XY
,,KCR.XY
,,KCT.XY
,,KCU.XY
,,KCV.XY
,,KCW.XY
,,KCX.XY
,,KCZ.XY
,,KDB.XY
,,KDC.XY
,,KDD.XY
,,KDF.XY
,,KDG.XY
,,KDH.XY
,,KDI.XY
,,KDK.XY
,,KDL.XY
,,KDM.XY
,,KDN.XY
,,KDO.XY
,,KDP.XY
,,KDQ.XY
,,KDR.XY
,,KDT.XY
,,KDV.XY
,,KDW.XY
,,KDX.XY
,,KDY.XY
,,KDZ.XY
,,KEA.XY
,,KEB.XY
,,KEC.XY
,,KEE.XY
,,KEF.XY
,,MAC.XY
,,QAA.XY
,,QAB.XY
,,QAC.XY
,,QAD.XY
,,QAG.XY
,,QAH.XY
,,QAI.XY
,,QAJ.XY
,,QAK.XY
,,QAL.XY
,,QAM.XY
,,QAN.XY
,,QAO.XY
,,QAP.XY
,,QAQ.XY
,,QAS.XY
,,QAT.XY
,,QAU.XY
,,QAV.XY
,,QAW.XY
,,QAX.XY
,,QAY.XY
,,QBC.XY
,,QBD.XY
,,QBE.XY
,,QBF.XY
,,QBHC.XY
,,QBI.XY
,,QBJ.XY
,,QBK.XY
,,QBL.XY
,,QBM.XY
,,QBO.XY
,,QBP.XY
,,QBQ.XY
,,QBR.XY
,,QBS.XY
,,QBT.XY
,,QBU.XY
,,QBV.XY
,,QBW.XY
,,QBX.XY
,,QBZ.XY
,,QCA.XY
,,QCB.XY
,,QCC.XY
,,QCD.XY
,,QCE.XY
,,QCF.XY
,,QCG.XY
,,QCH.XY
,,QCI.XY
,,QCJ.XY
,,QCK.XY
,,QCL.XY
,,QCM.XY
,,QCN.XY
,,QCO.XY
,,QCP.XY
,,QCQ.XY
,,QCS.XY
,,QCT.XY
,,QCU.XY
,,QCV.XY
,,QCVB.XY
,,QCW.XY
,,QCX.XY
,,QCXB.XY
,,QCY.XY
,,QCZ.XY
,,QDA.XY
,,QDB.XY
,,QDDB.XY
,,QDE.XY
,,QDF.XY
,,QDG.XY
,,QDH.XY
,,QDI.XY
,,QDJ.XY
,,QDK.XY
,,QDL.XY
,,QDM.XY
,,QDN.XY
,,QDNC.XY
,,QDO.XY
,,QDP.XY
,,QDQ.XY
,,QDR.XY
,,QDU.XY
,,QDV.XY
,,QDW.XY
,,QDX.XY
,,QDY.XY
,,QDZ.XY
,,QEAB.XY
,,QEB.XY
,,QEC.XY
,,QED.XY
,,QEE.XY
,,QEF.XY
,,QEG.XY
,,RAN.XY
,,RAO.XY
,,RAP.XY
,,RAQ.XY
,,RARB.XY
,,RAS.XY
,,RAT.XY
,,RAU.XY
,,RAV.XY
,,RAW.XY
,,RAXB.XY
,,RAY.XY
,,RAZ.XY
,,RBA.XY
,,RBBB.XY
,,RBC.XY
,,RBD.XY
,,RBE.XY
,,RBF.XY
,,RBG.XY
,,RBH.XY
,,RBI.XY
,,RBJ.XY
,,RBK.XY
,,RBL.XY
,,RBM.XY
,,RBN.XY
,,RBO.XY
,,RCI.XY
,,RCJ.XY
,,RCK.XY
,,RCL.XY
,,RCM.XY
,,RCN.XY
,,RCO.XY
,,RCP.XY
,,RCQ.XY
,,RCR.XY
,,RCT.XY
,,RCU.XY
,,RCV.XY
,,RCW.XY
,,RCX.XY
,,RCY.XY
,,RCZ.XY
,,RDA.XY
,,RDB.XY
,,RDC.XY
,,RDD.XY
,,RDE.XY
,,RDF.XY
,,RDG.XY
,,RDH.XY
,,RDI.XY
,,RDJ.XY
,,RDK.XY
,,RDL.XY
,,RDM.XY
,,RDN.XY
,,RDO.XY
,,RDP.XY
,,RDQ.XY
,,RDR.XY
,,RDS.XY
,,RDT.XY
,,RDU.XY
,,RDV.XY
,,RDW.XY
,,RDX.XY
,,RDY.XY
,,RDZ.XY
,,REA.XY
,,REC.XY
,,RED.XY
,,REE.XY
,,REF.XY
,,REG.XY
,,REI.XY
,,REJ.XY
,,REK.XY
,,REL.XY
,,SAA.XY
,,SAB.XY
,,SAC.XY
,,SAE.XY
,,SAF.XY
,,SAG.XY
,,SAH.XY
,,SAI.XY
,,SAJ.XY
,,SAK.XY
,,SAL.XY
,,SAM.XY
,,SAN.XY
,,SAO.XY
,,SAP.XY
,,SAQ.XY
,,SAR.XY
,,SAS.XY
,,SAT.XY
,,SAU.XY
,,SAV.XY
,,SAW.XY
,,SAX.XY
,,SAZ.XY
,,SBA.XY
,,SBB.XY
,,SBC.XY
,,SBDB.XY
,,SBE.XY
,,SBF.XY
,,SBG.XY
,,SBH.XY
,,SBI.XY
,,SBJ.XY
,,SBK.XY
,,SBL.XY
,,SBM.XY
,,SBN.XY
,,SBO.XY
,,SBP.XY
,,SBQ.XY
,,SBR.XY
,,SBS.XY
,,SBU.XY
,,SBV.XY
,,SBW.XY
,,SBX.XY
,,SBY.XY
,,SBZ.XY
,,SCA.XY
,,SCB.XY
,,SCD.XY
,,SCE.XY
,,SCF.XY
,,SCG.XY
,,SCH.XY
,,SCI.XY
,,SCJ.XY
,,SCK.XY
,,SCL.XY
,,SCM.XY
,,SCN.XY
,,SCO.XY
,,SCP.XY
,,SCQ.XY
,,SCR.XY
,,SCS.XY
,,SCTB.XY
,,SCU.XY
,,SCV.XY
,,SCW.XY
,,SCX.XY
,,SCY.XY
,,SCZ.XY
,,SDA.XY
,,SDB.XY
,,SDC.XY
,,SDD.XY
,,SDE.XY
,,SDF.XY
,,SDG.XY
,,SDH.XY
,,SDI.XY
,,SDJ.XY
,,SDK.XY
,,SDL.XY
,,SDM.XY
,,SDN.XY
,,SDO.XY
,,SDP.XY
,,SDQ.XY
,,SDR.XY
,,SDS.XY
,,SDT.XY
,,SDV.XY
,,SDX.XY
,,SDY.XY
,,SDZ.XY
,,SEA.XY
,,SEB.XY
,,SEC.XY
,,SED.XY
,,SEE.XY
,,SEG.XY
,,SEH.XY
,,SEI.XY
